"id","title_id","real_name","character_name","role"
"1","1","Antonio Schowalter","Virgil Kulas","Film Editor"
"2","1","Darrell Witting","Corey Bartell-Cremin","Film Editor"
"3","1","Angie Kuhic","Dr. Gene Brown","Screenwriter"
"4","1","Darrell Walker","Miss Sophia Sporer","Producer"
"5","1","Delia Harvey","Edmund Bailey","Costume Designer"
"6","1","Lucy Deckow","Eugene Kuhlman","Actor"
"7","1","Mr. Willie Smith","Edward Hauck","Actor"
"8","1","Mr. Bert Wolf","Fred Langworth","Director"
"9","1","John Ondricka","Dustin Schowalter","Screenwriter"
"10","1","Dr. Cody Beier","Annie Predovic","Cinematographer"
"11","2","Salvador Kub","Travis Prosacco","Actress"
"12","2","Edmond Schuster","Kelly Feest","Production Designer"
"13","2","Marsha Kuhn I","Trevor Okuneva-Blick","Actor"
"14","2","Jeffrey Kerluke","Myrtle Kihn-Mills","Actor"
"15","2","Camille Erdman","Damon Rutherford","Cinematographer"
"16","2","Ms. Melinda Hoppe","Andrea McGlynn","Screenwriter"
"17","2","Rachael O'Hara","Cesar Bernier","Cinematographer"
"18","2","Felix Kiehn","Dr. Alyssa Swaniawski","Actor"
"19","2","Kathy Gutkowski","Raul Sauer","Actor"
"20","2","Justin Kreiger","Ms. Vivian Bogan","Actor"
"21","3","Julio Konopelski","Marjorie Reilly","Screenwriter"
"22","3","Sonya Rath","Dr. Bernard Larkin-Langosh","Costume Designer"
"23","3","Cornelius Lowe DDS","Kendra Strosin","Costume Designer"
"24","3","Valerie Bayer","Jose Tromp II","Music Composer"
"25","3","Carole Bradtke DDS","Kristin Howell III","Screenwriter"
"26","3","Jerald Toy Jr.","Wendy Osinski-Mayer MD","Cinematographer"
"27","3","Glenda Morissette","Dr. Michael Orn","Production Designer"
"28","3","Miss Arlene Rau","Shari Koss","Actor"
"29","3","Evelyn Stokes","Ernestine Hammes","Director"
"30","3","Dr. Randolph Konopelski","Dominic Moore","Producer"
"31","4","Dorothy D'Amore","Sheldon Sawayn II","Actress"
"32","4","Vicki Hartmann","Dr. Percy King","Producer"
"33","4","Harvey Wisozk","Barbara Green","Music Composer"
"34","4","Frances Gusikowski Jr.","Dr. Robyn Hahn Sr.","Actress"
"35","4","Perry Willms","Grant Murray","Screenwriter"
"36","4","Sheryl Fahey","Felix O'Keefe","Director"
"37","4","Jenna Streich DDS","Sherman Mante","Actress"
"38","4","Dr. Tommie Hilll","Salvatore Wisozk","Film Editor"
"39","4","Lionel Torphy","Juana Crist-Mann","Film Editor"
"40","4","Dr. Clay Halvorson","Rudy Strosin","Actress"
"41","5","Dianna Champlin","Jennifer Bins","Director"
"42","5","Mr. Mike Conn","Ms. Cindy Daniel Sr.","Music Composer"
"43","5","Guillermo Robel","Winifred Oberbrunner PhD","Production Designer"
"44","5","Sara Pfeffer","Eddie Stiedemann","Cinematographer"
"45","5","Ms. Crystal Bergnaum","Lionel Abshire MD","Costume Designer"
"46","5","Sonia Torp PhD","Mrs. Alicia Donnelly","Actor"
"47","5","Stacy Grimes","Kelley Frami V","Cinematographer"
"48","5","Sheri Waelchi IV","Ebony Herman","Actress"
"49","5","Kirk Schmitt","Teri Dare","Costume Designer"
"50","5","Glenn Bartell","Violet Grant","Production Designer"
"51","6","Franklin Bernier","Rolando Raynor V","Screenwriter"
"52","6","Marco Beer","Josh Torp","Production Designer"
"53","6","Ms. Dianne Klocko","Dallas Rippin","Producer"
"54","6","Sheldon Hilll","Carrie Prosacco","Screenwriter"
"55","6","Horace Kilback","Miss Leslie Sauer","Cinematographer"
"56","6","Robert Hamill","Chris Beer","Costume Designer"
"57","6","Miss Verna Will","Joann Bogisich","Producer"
"58","6","Dr. Timothy Pollich","Alfonso Larkin","Cinematographer"
"59","6","Dr. Cecilia Kuhn","Emily Stroman","Screenwriter"
"60","6","Henry Ward","Mona Pacocha","Production Designer"
"61","7","Martha Bechtelar","Nicholas Oberbrunner","Actor"
"62","7","Nichole Becker PhD","Kristie Abernathy","Actor"
"63","7","Vivian Wintheiser","Dana Powlowski","Production Designer"
"64","7","Garrett Wisoky","Matt Upton","Music Composer"
"65","7","Perry West IV","Cecelia Krajcik","Cinematographer"
"66","7","Corey O'Conner","Ivan Franey","Actor"
"67","7","Betsy Rohan","Andre Runte DDS","Cinematographer"
"68","7","Clay Bailey","Shelly Runolfsdottir","Producer"
"69","7","Lora Turcotte","Ann Dare","Production Designer"
"70","7","Anthony Lang","Latoya Crooks","Actress"
"71","8","Vera Turcotte","Dr. Andrew Skiles","Actor"
"72","8","Ricardo Hodkiewicz","Catherine Rau","Production Designer"
"73","8","Tasha Parisian","Frances Stracke I","Production Designer"
"74","8","Bill Braun","Jose Weber","Screenwriter"
"75","8","Dr. Sheryl Abshire","Jim Klein","Music Composer"
"76","8","Whitney Kautzer","Kent McGlynn","Music Composer"
"77","8","Edwin Schaefer","Brad Cassin III","Costume Designer"
"78","8","Jessica Collier-Swaniawski","Meredith Schowalter","Actress"
"79","8","Edmond Skiles","Mrs. Patty Aufderhar","Cinematographer"
"80","8","Diana Johnson","Terry Schimmel II","Cinematographer"
"81","9","Shari Cassin","Joanne Barton","Cinematographer"
"82","9","Rachel Kautzer","Paulette Legros-Sauer II","Actress"
"83","9","Wilfred Schaefer","Stacy Hessel Jr.","Film Editor"
"84","9","Tami Franecki","Johanna Moore PhD","Film Editor"
"85","9","Willard Ruecker","Dr. Meredith Berge","Director"
"86","9","Jennifer Witting","Dawn Blick","Costume Designer"
"87","9","Kellie Kessler","Vera Feil","Music Composer"
"88","9","Geraldine O'Conner-Howell V","Dr. Delores Steuber","Screenwriter"
"89","9","Eva Raynor","Crystal Kub","Screenwriter"
"90","9","Maurice Gleichner","Christie Jakubowski","Actress"
"91","10","Dr. Julio Goodwin V","Mercedes Harvey","Producer"
"92","10","Freda Powlowski","Richard Wilkinson","Film Editor"
"93","10","Rodney Rippin","Mercedes Ryan","Actress"
"94","10","Neil Monahan","Charlie Gibson Sr.","Producer"
"95","10","Wayne Schowalter DDS","Sam Feeney","Music Composer"
"96","10","Virginia Kilback","Lydia Schinner PhD","Screenwriter"
"97","10","Nick Lubowitz","Milton Parisian","Actress"
"98","10","Samantha Donnelly","Kari Renner","Actress"
"99","10","Isabel Kirlin","Lora Kessler","Producer"
"100","10","Dana Koss II","Wilbert Rau","Cinematographer"
"101","11","Dr. Antonio Bailey","Jeffrey Steuber","Film Editor"
"102","11","Dr. Woodrow Bosco","Mr. Carlton Glover","Costume Designer"
"103","11","Bennie Hettinger","Miss Myra Waters-Baumbach","Cinematographer"
"104","11","Lorenzo Hilll","Alyssa Jones","Film Editor"
"105","11","Ms. Audrey West","Laverne Kub","Actress"
"106","11","Winifred Metz","Matthew Mante","Film Editor"
"107","11","Deanna Toy-Weber","Derrick Ritchie","Screenwriter"
"108","11","Lucy Spencer","Rufus Schamberger","Actor"
"109","11","Steve Buckridge","Joann Torphy","Director"
"110","11","Juanita Effertz","Mrs. Crystal Larkin","Screenwriter"
"111","12","Russell Kassulke","Danielle Torp","Actress"
"112","12","Georgia Jacobson","Al Shanahan","Costume Designer"
"113","12","Alonzo Roob","Fred Block","Cinematographer"
"114","12","Charlie Treutel","Violet Rempel","Actor"
"115","12","Stella Buckridge","Brent Crona I","Costume Designer"
"116","12","Amos Morissette II","Jimmy Haag","Director"
"117","12","Irene Fahey","Kristopher Dickinson III","Production Designer"
"118","12","Pamela Kshlerin","Miss Joyce Pagac","Production Designer"
"119","12","Adam Skiles-Lebsack","Naomi Lesch-Nicolas","Screenwriter"
"120","12","Glenn Green Sr.","Marshall O'Connell","Producer"
"121","13","Kerry Connelly","Dr. Santos Kris","Actress"
"122","13","Bennie Borer","Charles Cremin","Producer"
"123","13","Oliver Stark MD","Trevor Farrell","Actress"
"124","13","Mitchell Greenfelder","Erick Sawayn","Film Editor"
"125","13","Miss Kristin Bechtelar","Kent Bashirian","Director"
"126","13","Candace Klein","Rudolph Terry","Film Editor"
"127","13","Desiree Schoen","Bryant Romaguera","Actress"
"128","13","Amanda Halvorson II","Floyd Franecki","Production Designer"
"129","13","Cesar Balistreri","Carla Kertzmann","Production Designer"
"130","13","Corey Lesch","Don Mertz I","Producer"
"131","14","Dr. Darryl Skiles","Henry Beahan","Costume Designer"
"132","14","Ms. Sophia Pfannerstill","Charlene Zemlak","Production Designer"
"133","14","Joann Mitchell","Don Raynor III","Actress"
"134","14","Stacy Hickle","Cesar Pouros","Film Editor"
"135","14","Isaac Rath","Terrell Mohr","Actor"
"136","14","Gina Runolfsdottir","Ellis Mann DDS","Actress"
"137","14","Colleen Champlin Jr.","Julian Runolfsson","Director"
"138","14","Ray Ryan","Vanessa Nienow I","Actress"
"139","14","Latoya Blick","Dianne Mitchell","Costume Designer"
"140","14","Monique Waters","Sophie Roberts","Costume Designer"
"141","15","Toni Russel","Cindy Huels-O'Kon","Actress"
"142","15","Melba Schiller-Koch","Wallace Bergstrom","Cinematographer"
"143","15","Ms. Madeline Dach","Phyllis Ullrich","Costume Designer"
"144","15","Phil Gorczany","Genevieve Nolan","Actor"
"145","15","Kristy Farrell","Laurie Altenwerth","Producer"
"146","15","Saul Effertz","Gene Grady","Music Composer"
"147","15","Terrence Durgan Jr.","Guadalupe Orn","Costume Designer"
"148","15","Rose Bashirian","Todd Ryan","Producer"
"149","15","Ralph Gusikowski IV","Minnie Farrell","Actress"
"150","15","Jeannie Cartwright","Patti Marquardt","Actor"
"151","16","Glen Smith","Roderick Swift","Film Editor"
"152","16","Amanda Upton","Ed Sipes Jr.","Director"
"153","16","Erica Torp","Ms. Patricia Goldner","Music Composer"
"154","16","Javier Brown","Lynda Armstrong","Director"
"155","16","Preston McCullough","Lucia Hoppe II","Music Composer"
"156","16","Hector Emmerich","Chris Rodriguez","Producer"
"157","16","Phil Nader","Meghan Powlowski","Production Designer"
"158","16","Lola Wehner","Elizabeth Rath","Director"
"159","16","Miss Bessie Barton-Carter II","Anna Parisian","Cinematographer"
"160","16","Clarence Walker","Robyn Smitham","Director"
"161","17","Lynn Dibbert","Dr. Alexander Fisher","Music Composer"
"162","17","Nelson Luettgen","Alex Wiza","Costume Designer"
"163","17","Kellie Beatty DDS","Dorothy Stracke","Screenwriter"
"164","17","Margie Barton","Beatrice Tillman","Costume Designer"
"165","17","Mary Glover","Nichole Kling","Production Designer"
"166","17","Dr. Santos Herman","Ellen Streich","Actor"
"167","17","Gordon Moen","Dr. Clay Mante","Music Composer"
"168","17","Elijah Mante","Neil Purdy","Film Editor"
"169","17","Frankie Kessler","Mr. Salvador O'Connell","Actress"
"170","17","Tabitha Feeney","Silvia Pagac","Production Designer"
"171","18","Gustavo Ortiz","Mrs. Hattie Ruecker","Cinematographer"
"172","18","Vernon Rowe","Dr. Mario Kiehn","Music Composer"
"173","18","Linda Streich","Marianne MacGyver","Actor"
"174","18","Mary Reinger","Gary Gleichner","Cinematographer"
"175","18","Leonard Wyman","Audrey Marquardt","Producer"
"176","18","Kellie Kautzer","Aaron Labadie","Cinematographer"
"177","18","Josephine Sanford","Wallace Volkman","Screenwriter"
"178","18","Mr. Pedro Orn-Ward","Bert Hilpert-Mohr","Music Composer"
"179","18","Ms. Robyn Pouros","Genevieve Little III","Film Editor"
"180","18","Lonnie Rodriguez","Adrian Macejkovic","Screenwriter"
"181","19","Forrest Wolff","Darnell Bayer","Cinematographer"
"182","19","James Kautzer","Debra Block","Cinematographer"
"183","19","Olga Leuschke","Cecil Welch","Music Composer"
"184","19","Tammy Hand","Tom Larson","Screenwriter"
"185","19","Frances Spencer","Jasmine Hauck","Film Editor"
"186","19","Mercedes Stroman DDS","Heidi Marvin DVM","Film Editor"
"187","19","Wanda Spencer","Cheryl Cremin","Music Composer"
"188","19","Jan Pagac","Nelson Sanford","Production Designer"
"189","19","Pat Bogan","Ms. Carolyn Bahringer III","Actress"
"190","19","Mary Botsford","Alfonso Fay","Production Designer"
"191","20","Gretchen Carroll","Wilbur Ortiz","Production Designer"
"192","20","Johnnie Harber","Devin Kohler","Costume Designer"
"193","20","Jacquelyn Herzog","Delia Boehm","Music Composer"
"194","20","Leland Hickle","Miss Danielle Lynch","Music Composer"
"195","20","Traci Jaskolski I","Misty Leuschke","Cinematographer"
"196","20","Dr. Fernando Feil","Stella Berge","Producer"
"197","20","Lynette Emmerich II","Brent Beatty","Actress"
"198","20","Orlando Brown","Clinton Hickle","Cinematographer"
"199","20","Gretchen Kihn III","Antoinette D'Amore","Music Composer"
"200","20","Leslie Marks IV","Andy Haley","Production Designer"
"201","21","Audrey Abshire","Douglas Kunde","Music Composer"
"202","21","Kenny Klein","Jimmy Kovacek","Music Composer"
"203","21","Dominick Schultz","Teri Thompson","Director"
"204","21","Dr. Joey Jaskolski","Evelyn Langosh","Screenwriter"
"205","21","Josh Oberbrunner","Ann Nikolaus","Producer"
"206","21","Dana Christiansen V","Dr. Owen Kunde","Music Composer"
"207","21","Pamela Swaniawski III","Scott Lockman","Cinematographer"
"208","21","Floyd Herman II","Leonard Armstrong","Music Composer"
"209","21","Miss Roxanne Boehm","Silvia O'Connell-Beier","Actress"
"210","21","Ramiro Gerhold","Luz Zboncak Sr.","Screenwriter"
"211","22","Juana Effertz","Ida Bartell","Production Designer"
"212","22","Charlene Gorczany","Dr. Marshall McClure","Screenwriter"
"213","22","Gerardo Kerluke","Delores Jenkins","Actor"
"214","22","Lawrence Runte","Seth Beatty","Music Composer"
"215","22","Abel Cummings","Joyce Ondricka","Music Composer"
"216","22","Jermaine Miller","Kimberly Hoeger","Film Editor"
"217","22","Ms. Audrey Waters","Debra Weissnat","Production Designer"
"218","22","Miss Kellie Schulist","Dr. Elsie Corwin II","Film Editor"
"219","22","Maureen Price","Joyce Emmerich","Film Editor"
"220","22","Teresa Moen","Herman Zulauf","Music Composer"
"221","23","Jim Zulauf","Hannah Kerluke","Actor"
"222","23","Lionel Kautzer","Darren Gulgowski","Music Composer"
"223","23","Miss Shirley Ruecker","Mr. Myron Goldner","Cinematographer"
"224","23","Pete Vandervort","Laverne Ledner IV","Screenwriter"
"225","23","Peggy Gulgowski","Gwen McKenzie","Screenwriter"
"226","23","Noel Zulauf","Joy Grady","Production Designer"
"227","23","Doyle Windler","Mark Kulas","Costume Designer"
"228","23","Antoinette Hills","Kim Kirlin","Director"
"229","23","Hilda Smitham","Minnie Lakin","Screenwriter"
"230","23","Henry Heathcote I","Carroll Abshire","Cinematographer"
"231","24","Anne Wyman","Naomi Ullrich I","Director"
"232","24","Brittany White II","Adrienne Kuvalis-Quitzon","Music Composer"
"233","24","Dorothy Steuber","Sara Bartoletti","Film Editor"
"234","24","Miss Nellie Jenkins","Flora Frami Sr.","Screenwriter"
"235","24","Dr. Mary Fahey","Rex Mueller","Producer"
"236","24","Sidney Gulgowski","Jody Gutmann","Actor"
"237","24","Nicholas Feest","Ms. Pauline Rosenbaum DVM","Production Designer"
"238","24","Oliver Hansen","Leland Breitenberg","Producer"
"239","24","Heather Jones","Mr. Marvin Lakin V","Music Composer"
"240","24","Tonya Cummerata","Mandy Braun","Actress"
"241","25","Bernadette Ondricka","Bertha Goyette","Producer"
"242","25","Jeffrey Ritchie","Hilda Stracke","Music Composer"
"243","25","Christine McGlynn","Benny Rau","Screenwriter"
"244","25","Miss Diane Hegmann","Clifford Larson","Costume Designer"
"245","25","Robin Lowe","Mrs. Charlene Langworth","Director"
"246","25","Lila Langworth","Stanley Kirlin","Costume Designer"
"247","25","Andy Ledner","Shelly Brekke","Director"
"248","25","Madeline Grady","Mae Nader","Cinematographer"
"249","25","Adrian Pfeffer","Clayton Hackett","Costume Designer"
"250","25","Cynthia Koch","Leo Pfeffer","Music Composer"
"251","26","Gina Hermiston","Donna O'Kon-West","Music Composer"
"252","26","Jane Schaefer I","Darrel Mueller","Music Composer"
"253","26","Dr. Harold Gibson","Dr. Marty Smitham","Music Composer"
"254","26","Leon Kemmer","Marty Langosh","Screenwriter"
"255","26","Stanley Wiegand","Angel Kirlin","Screenwriter"
"256","26","Madeline Trantow V","Nelson Schuppe","Production Designer"
"257","26","Kelli Schamberger","Amos Bins","Actor"
"258","26","Tracey Spencer DVM","Ginger Welch","Screenwriter"
"259","26","Stacy Will","Lee Bode","Screenwriter"
"260","26","Pearl Bernhard","Leslie Mann","Production Designer"
"261","27","Henry Weber","Harvey Roob","Costume Designer"
"262","27","Julian Strosin","Felicia Armstrong","Actor"
"263","27","Lucille Hilll","Donald Kerluke","Cinematographer"
"264","27","Ricardo Zieme","Mr. Miguel Champlin I","Film Editor"
"265","27","Jeanne Stanton","Rosie Breitenberg","Producer"
"266","27","Terence Schamberger","Mr. Laurence Jaskolski","Screenwriter"
"267","27","Jeanne Von","Dr. Yolanda Wolff","Film Editor"
"268","27","Frank Jenkins III","Tina Funk","Screenwriter"
"269","27","Ruth Lowe","Antonio Nikolaus","Actor"
"270","27","Ms. Deanna Armstrong-Howe","Darin Torphy","Producer"
"271","28","Neil Effertz","Roosevelt Borer","Film Editor"
"272","28","Ervin Berge","Shannon Beer","Producer"
"273","28","Douglas Kilback","Mrs. Hope Vandervort","Production Designer"
"274","28","Wayne Stokes DVM","Jason Fisher","Cinematographer"
"275","28","Kathleen Cummings V","Cathy Walter","Production Designer"
"276","28","Rickey Sporer","Verna Ruecker","Costume Designer"
"277","28","Alberto Yundt","Krista Herzog","Actress"
"278","28","Ray Jenkins","Gwendolyn Bogan","Costume Designer"
"279","28","Viola Balistreri","Mrs. Kristen Lind","Cinematographer"
"280","28","Gregg Jacobson","Irma Breitenberg","Film Editor"
"281","29","Randall Lakin","Tiffany Kassulke-Heller","Production Designer"
"282","29","Marion Kunze","Peggy Franey","Cinematographer"
"283","29","Warren Franecki","Javier Berge","Director"
"284","29","Caroline Feil","Darryl Franecki-Wintheiser","Cinematographer"
"285","29","Tara Murphy","Dolores Dietrich","Cinematographer"
"286","29","Omar King II","Bruce Braun I","Cinematographer"
"287","29","Courtney Nolan Sr.","Craig Lesch","Film Editor"
"288","29","Brooke Champlin-Kilback","Betty Feeney","Director"
"289","29","Bradley Wunsch","Jimmie Bashirian","Film Editor"
"290","29","Kim Sawayn","Sonya Durgan","Production Designer"
"291","30","Jason Emmerich","Billy Medhurst","Actor"
"292","30","Lee Harber","Minnie Kris","Costume Designer"
"293","30","Clint Greenfelder-Walsh","Iris Wyman","Producer"
"294","30","Ricky Ferry","Morris Marvin","Screenwriter"
"295","30","Melinda Rosenbaum","Spencer Morissette","Production Designer"
"296","30","Terri Padberg","Jimmie Schoen","Film Editor"
"297","30","Terence D'Amore","Lorena Bogisich","Production Designer"
"298","30","Ben Dach","Tamara Crooks","Cinematographer"
"299","30","Judy Hodkiewicz-Hessel Sr.","Marcia Hackett","Production Designer"
"300","30","Juan Bernhard","Mrs. Marion Crooks","Actor"
"301","31","Dean Howe","Alan Hills","Actor"
"302","31","Renee Runolfsdottir","Alison Lubowitz","Producer"
"303","31","Isabel Hegmann","Julie Bartell","Actress"
"304","31","Lauren Nikolaus","Dr. Lana Schowalter","Director"
"305","31","Laverne King II","Kellie Nicolas","Actress"
"306","31","Grace Breitenberg","Sherman Swift-Luettgen","Costume Designer"
"307","31","Jasmine Graham","Aaron Ernser","Actor"
"308","31","Austin Klocko","Miss Opal Tremblay","Producer"
"309","31","Natalie Bauch","Michelle Ritchie","Screenwriter"
"310","31","Kristy Kirlin","Marcia Blick","Cinematographer"
"311","32","Willis Macejkovic-Mayer IV","Corey Stanton","Producer"
"312","32","Iris Cummerata","Mattie Harvey","Producer"
"313","32","Dexter Miller","Pam Bartell","Costume Designer"
"314","32","Tim Berge","Ms. Kristina Treutel","Production Designer"
"315","32","Elena Purdy","Juanita Zboncak","Costume Designer"
"316","32","Peter Hodkiewicz","Bryant Moen","Costume Designer"
"317","32","Keith Carroll-Kuhn","Janie Bernier","Cinematographer"
"318","32","Doreen Anderson","Tricia Lowe","Film Editor"
"319","32","Julian McGlynn","Mr. Casey Homenick","Production Designer"
"320","32","Leon Feil","Erik Hermann","Director"
"321","33","Jeannette Kris","Marcus Will Sr.","Music Composer"
"322","33","Dr. Micheal Schulist","Willard Hermann","Screenwriter"
"323","33","Miss Rita Cassin","Jan Durgan","Production Designer"
"324","33","Linda Daniel","Carolyn Cummerata","Screenwriter"
"325","33","Orville Harvey","Dr. Morris Wintheiser DVM","Costume Designer"
"326","33","Vincent Streich","Santiago Gerhold III","Cinematographer"
"327","33","Cheryl Cassin","Luther O'Hara V","Production Designer"
"328","33","Sean Pagac","Ronald Hartmann","Actress"
"329","33","Joey Veum","Ted Shanahan","Film Editor"
"330","33","Tricia Blick","Dallas Jacobs","Director"
"331","34","Orville Doyle","Chester Roberts","Cinematographer"
"332","34","Yolanda Muller IV","Tyler Ortiz","Film Editor"
"333","34","Erick Schroeder","Phil Krajcik","Producer"
"334","34","Felix Grimes","Nathaniel Osinski","Actress"
"335","34","Francisco Paucek","Nina Wuckert","Production Designer"
"336","34","Ellis Stark","Mrs. Blanche Goyette","Costume Designer"
"337","34","Henry Kozey-Stanton PhD","Mr. Duane Medhurst","Screenwriter"
"338","34","Terrance Heidenreich","Kristi Watsica","Producer"
"339","34","Damon Shanahan","Raymond Aufderhar","Cinematographer"
"340","34","Sam Terry","Karl Deckow","Film Editor"
"341","35","Joshua Macejkovic","Leona DuBuque","Director"
"342","35","Bertha Doyle-Ruecker","Daisy Mitchell","Music Composer"
"343","35","Dr. Sylvester Stokes","Lela Swift","Film Editor"
"344","35","Sonya Lehner","Darryl Jenkins","Producer"
"345","35","Becky Schmidt","Arturo Emard","Screenwriter"
"346","35","Ted Upton","Kim Hoeger","Producer"
"347","35","Mack Hoppe","Mr. Tom Mitchell","Actor"
"348","35","Cesar Tillman","Ellis Walker","Cinematographer"
"349","35","Charles Cremin","Vernon Boyle","Actor"
"350","35","Kerry Schoen","Ms. Hope Rippin","Music Composer"
"351","36","Darrel Ritchie I","Marjorie Jakubowski","Costume Designer"
"352","36","Christopher Hauck","Andre King","Actor"
"353","36","Dr. Celia Kuphal","Lauren Franey","Producer"
"354","36","Meghan Hand","Hubert Olson III","Film Editor"
"355","36","Sandra Waelchi","Salvatore Farrell","Cinematographer"
"356","36","Mike Jacobi-Weber","Patricia Nitzsche DVM","Cinematographer"
"357","36","Johnathan King","Chester Turcotte","Cinematographer"
"358","36","Miss Nettie Hettinger","Harold McLaughlin","Music Composer"
"359","36","Simon Crist","Felicia Oberbrunner","Actress"
"360","36","Tami Bergstrom-Wisoky","Kerry Lakin","Cinematographer"
"361","37","Lois Adams","Shirley Kub","Costume Designer"
"362","37","Irene Kovacek","Donna Roberts","Producer"
"363","37","Donald Cormier","Dr. Kelli O'Keefe","Costume Designer"
"364","37","Adrian Rosenbaum-Ratke","Ms. Bernadette Zulauf","Actor"
"365","37","April Senger Jr.","Leland Nikolaus","Film Editor"
"366","37","Iris Tromp","Carla Boyer","Screenwriter"
"367","37","Vanessa Bode","Chad Berge","Film Editor"
"368","37","Latoya Howe","Enrique Cronin-Roob","Costume Designer"
"369","37","Marjorie Gulgowski","Johnnie Larkin","Director"
"370","37","Wesley Kiehn I","Dr. Laurence McClure","Producer"
"371","38","Rudy Stamm","Dr. Johnathan Sawayn","Music Composer"
"372","38","Sophie Gislason","Max Rau","Actress"
"373","38","Douglas Hintz PhD","Madeline Bartell","Cinematographer"
"374","38","Kenny West","Clarence Miller","Production Designer"
"375","38","Tony Russel","Van Mohr","Producer"
"376","38","Chelsea Lemke","Owen Pfannerstill","Screenwriter"
"377","38","Dan Abernathy","Clayton Bailey","Director"
"378","38","Kristin Goodwin III","Camille Schamberger PhD","Film Editor"
"379","38","Jeannette Conn","Christian Brakus","Producer"
"380","38","Terence Pfannerstill","Grace Mayert","Production Designer"
"381","39","Elmer Labadie II","Mrs. Virginia Haley DDS","Production Designer"
"382","39","Lyle Simonis","Wanda Stehr","Production Designer"
"383","39","Mr. Jay Ritchie","Kristine Yost DDS","Director"
"384","39","Marianne Williamson","Lisa Batz","Actress"
"385","39","Ross Ward Sr.","Lila Walsh","Actor"
"386","39","Mattie Murray","Ronald Steuber","Actor"
"387","39","Patti McGlynn","Santiago Walsh","Actress"
"388","39","Angelina Kub","Suzanne Morar","Costume Designer"
"389","39","Jeffery Monahan","Kenneth Fisher","Actress"
"390","39","Dr. Jeffrey Kulas","Dr. Orville Schaden","Production Designer"
"391","40","Julius Gibson","Tabitha Connelly","Actor"
"392","40","Sophie Kertzmann","Mr. Gary Donnelly","Film Editor"
"393","40","Angel Larson","Lana Weber","Actress"
"394","40","Lorena Schneider","Kristy Berge","Actor"
"395","40","Dana Rau","Andy Beer","Costume Designer"
"396","40","Laurence Hauck","Travis Torp","Screenwriter"
"397","40","Colleen Weissnat","Leroy McKenzie-Raynor","Director"
"398","40","Dr. Bob Streich","Victoria Cremin","Music Composer"
"399","40","Alison Kilback","Delia Hoppe","Producer"
"400","40","Jeremy Pacocha","Joel Botsford","Costume Designer"
"401","41","Leonard Bergstrom","Katie Cronin I","Film Editor"
"402","41","Ryan Mitchell","Dr. Ira Medhurst","Screenwriter"
"403","41","Miss Cristina Douglas","Willie Christiansen","Music Composer"
"404","41","Dr. Marcos Considine","Nicole Steuber","Production Designer"
"405","41","Edgar Yost","Dexter Blanda","Actress"
"406","41","Miss Pamela Shields","Pat Daugherty","Actor"
"407","41","Connie Stracke","Alberta Rohan","Music Composer"
"408","41","Matthew Hilpert","Lorenzo O'Kon PhD","Screenwriter"
"409","41","Tonya Monahan","Ana Kub","Producer"
"410","41","Lisa Buckridge","Connie Maggio","Screenwriter"
"411","42","Lena Tromp","Bernadette Kirlin-Conroy","Music Composer"
"412","42","Rebecca Collier","Susie Jacobson","Director"
"413","42","Nicholas Klocko","Lorena Herzog","Music Composer"
"414","42","Myron Runolfsson","Carlton Adams-Kshlerin","Producer"
"415","42","Lana Cummerata","Gilbert Will","Screenwriter"
"416","42","Archie Berge-Mann","Bryan Muller DVM","Cinematographer"
"417","42","Max Reinger","Lawrence Carter","Cinematographer"
"418","42","Barbara Murray","Marjorie Wisoky","Cinematographer"
"419","42","Roy Bernier Sr.","Elena Reinger","Costume Designer"
"420","42","Marianne Morar","Moses Lebsack","Production Designer"
"421","43","Mrs. Juanita Ruecker","Mr. Tyler Kris","Cinematographer"
"422","43","Ernestine Walsh","Perry McClure","Costume Designer"
"423","43","Jim Lindgren","Jerald Towne V","Screenwriter"
"424","43","Jonathan Pacocha","Elaine Pagac","Music Composer"
"425","43","Darnell Casper","Debra Wuckert","Actress"
"426","43","Minnie Runolfsson","Ella Nader Jr.","Screenwriter"
"427","43","Kari Padberg I","Lindsey Feest","Producer"
"428","43","Elena Ledner","Marsha Feeney","Producer"
"429","43","Sheldon Raynor PhD","Clark Bauch","Production Designer"
"430","43","Iris Paucek","Miss Vivian Homenick","Actress"
"431","44","Terry Kuhn-Buckridge","Dr. Orville Gleason","Actress"
"432","44","Lindsey Hauck","Grady Schmitt","Producer"
"433","44","Fannie Johnston","Nathaniel Waelchi","Screenwriter"
"434","44","Claire Sawayn","Margarita Luettgen","Screenwriter"
"435","44","Eloise Reinger","Eula Leffler","Director"
"436","44","Caroline Homenick","Phyllis Conroy","Actress"
"437","44","Dale Block","Johnnie Auer","Music Composer"
"438","44","Dale Funk","Mary Gerlach","Actor"
"439","44","Jose MacGyver","Dr. Christopher Sanford","Film Editor"
"440","44","Pablo Kulas","Daisy Cormier DDS","Cinematographer"
"441","45","Ms. Erika Sauer","Clint Prosacco","Costume Designer"
"442","45","Noel Medhurst","Mrs. Norma Muller","Costume Designer"
"443","45","Tyler Larkin I","Regina Abshire","Screenwriter"
"444","45","Kirk Dach","Rose Labadie","Production Designer"
"445","45","Mark Runte","Steve Hudson","Director"
"446","45","Alonzo Huel","Angel Miller","Actor"
"447","45","Tammy Stehr-Collins","Judy Pfeffer","Producer"
"448","45","Lorenzo Hahn","Dr. Mike Morar","Actor"
"449","45","Clayton Blanda IV","Elisa Crooks","Director"
"450","45","Leon Beatty","Travis Heidenreich","Actor"
"451","46","Cameron Kemmer","Miss Monique Bayer Jr.","Director"
"452","46","Lynda Schaden","Leland Denesik Sr.","Actor"
"453","46","Gayle Fadel","Mr. Oscar Hermann","Actor"
"454","46","Tracy Heaney","Krystal Russel","Music Composer"
"455","46","Jasmine Parisian","Claire Balistreri","Producer"
"456","46","Mrs. Shelley Waters","Merle Kautzer","Film Editor"
"457","46","Dwight Jaskolski","Victoria Cormier","Film Editor"
"458","46","Dawn Macejkovic","Gloria Barton","Producer"
"459","46","Molly Kassulke","Barbara McGlynn","Producer"
"460","46","Bill Lowe","Nicolas Jenkins","Cinematographer"
"461","47","Mr. Spencer Green","Lynda White II","Producer"
"462","47","Ms. Doreen Frami","Patty Osinski","Actress"
"463","47","Angel Schulist","Margaret Ullrich","Director"
"464","47","Melba Macejkovic Sr.","Stacy Daugherty","Screenwriter"
"465","47","Ross Spencer","Raymond Koss","Production Designer"
"466","47","Frank Huel IV","Chelsea Erdman","Director"
"467","47","Joan Schaefer Sr.","Minnie Herman","Actress"
"468","47","Josephine Paucek IV","Lester Cremin","Actor"
"469","47","Percy O'Kon","Dewey D'Amore","Director"
"470","47","Curtis Pagac-Dibbert","Mr. Edward Harvey","Cinematographer"
"471","48","Adrienne Mueller-Senger","Dr. Nicole Hand","Film Editor"
"472","48","Frank Moen-Nader","Tabitha Hayes","Film Editor"
"473","48","Sheri Schuppe","Laurie Crona","Producer"
"474","48","Sidney Waelchi","Meghan Marks","Music Composer"
"475","48","Jessie Swaniawski","Francis Barton","Screenwriter"
"476","48","Miss Julie Lynch II","Ed Hand","Actress"
"477","48","Lee Lind","Kate Littel","Screenwriter"
"478","48","Gordon Howell","Dr. Taylor Schimmel II","Music Composer"
"479","48","Ashley O'Reilly","Lucas Schmeler","Music Composer"
"480","48","Floyd Walsh","Brent Rolfson MD","Producer"
"481","49","Kelli Witting","Dr. Candice Gutmann","Music Composer"
"482","49","Kristi White","Bill Hamill","Cinematographer"
"483","49","Noah Klocko Sr.","Ginger Emmerich","Music Composer"
"484","49","Gabriel Murray","Tina Balistreri","Actor"
"485","49","Devin Russel","Stewart Gerlach","Production Designer"
"486","49","Miss Alice Pfeffer V","Myrtle Zboncak","Actress"
"487","49","Dr. Claude Feil","Geoffrey Hansen","Screenwriter"
"488","49","Stacey Hermiston","Dr. Timothy Cummerata","Actor"
"489","49","Gladys Will","Luke Smitham","Screenwriter"
"490","49","Doris Bogan","Miss Cecilia Leuschke","Director"
"491","50","Alberta Reinger","Max Muller","Producer"
"492","50","Nettie Gusikowski Sr.","Charlene Hermann","Director"
"493","50","Alexander Schoen","Margaret Crona","Director"
"494","50","Conrad Mante","Don Kozey","Costume Designer"
"495","50","Juana Collier Sr.","Allison Orn","Costume Designer"
"496","50","Dr. Shirley Pfannerstill","Marlon Kuhlman","Actress"
"497","50","Molly Terry","Clinton Crooks","Production Designer"
"498","50","Christine Jast","Melanie Collins","Actor"
"499","50","Patricia Collins","Edwin Herman","Director"
"500","50","Ted Hansen","Mr. Eugene Tremblay","Actress"
"501","51","Mr. Todd Herzog","Nadine Denesik","Actor"
"502","51","Jamie Robel","Mr. Morris Kulas","Actress"
"503","51","Dr. Javier Kerluke","Erika Padberg","Director"
"504","51","Phyllis Lang II","Mrs. Traci Blanda","Actress"
"505","51","Todd Cummings-Wilderman","Ms. Charlotte Champlin MD","Music Composer"
"506","51","Desiree O'Reilly","Alex Bergstrom","Production Designer"
"507","51","Harry Toy","Marcia Auer V","Cinematographer"
"508","51","Dr. Juan Shields","Jake Roberts","Film Editor"
"509","51","Lynn Kuhlman","Miss Ana Zulauf","Actress"
"510","51","Lynette Borer","Shawna Marvin-Trantow","Production Designer"
"511","52","Carla Lind","Monique Gusikowski","Costume Designer"
"512","52","Kathy Gutkowski","Elvira Conn","Music Composer"
"513","52","Johanna Lockman III","Drew Hane","Screenwriter"
"514","52","Tami Haag","Kevin Hauck","Director"
"515","52","Mr. Ron Nienow","Calvin Von I","Director"
"516","52","Connie McDermott","Lamar Stoltenberg-Yundt","Cinematographer"
"517","52","Lawrence Lueilwitz","Chris Muller","Cinematographer"
"518","52","Christy Borer","Daisy Pfannerstill","Film Editor"
"519","52","Jessica Kozey DVM","Christian Williamson","Director"
"520","52","Tara Monahan","Mr. Lloyd Rice","Director"
"521","53","Darrell Purdy","Connie Wyman","Actor"
"522","53","Bert Weimann","Dr. Clara Feil","Director"
"523","53","May Crona","Franklin Spinka","Actress"
"524","53","Phil Murray","Mrs. Brooke Russel","Director"
"525","53","Gertrude Schaden","Sheila Lang","Actress"
"526","53","Mr. Alvin Mayer","Maria Keeling DVM","Costume Designer"
"527","53","Dexter Bradtke","Estelle Kautzer","Film Editor"
"528","53","Tyrone Durgan","Earl Breitenberg","Film Editor"
"529","53","Mable Rice PhD","Teresa Emard","Producer"
"530","53","Edgar Lebsack","Mr. Luther Flatley","Screenwriter"
"531","54","Eleanor Williamson","Raquel Crona","Producer"
"532","54","Marie McCullough","Lillian Douglas","Screenwriter"
"533","54","Clinton Mohr","Kendra Hand","Screenwriter"
"534","54","Lawrence Friesen","Opal Hilpert","Production Designer"
"535","54","Gail Waelchi","Miss Anita McClure","Music Composer"
"536","54","Alicia Dicki I","Lana Heidenreich-Keeling","Music Composer"
"537","54","Elmer Trantow","Maureen Bahringer","Film Editor"
"538","54","Marty Welch-Nicolas","Saul Homenick-Mosciski","Costume Designer"
"539","54","Robin Parker","Sheri Tremblay","Actress"
"540","54","Elena Ullrich","Sheryl Larkin MD","Producer"
"541","55","Lynda Skiles","Jacob Krajcik","Producer"
"542","55","Lauren Gleichner Sr.","Johnny Dibbert","Actor"
"543","55","Mildred MacGyver","Dr. Lila Lynch","Screenwriter"
"544","55","Kyle Daugherty","Edna Kris","Costume Designer"
"545","55","Jackie Keebler","Cecil Franecki","Director"
"546","55","Cecilia Homenick","Sidney Sawayn","Production Designer"
"547","55","Gilberto Romaguera","Noah Sanford","Production Designer"
"548","55","Tina Schmeler","Lorena Jacobson","Film Editor"
"549","55","Ernesto Kunze","Elijah Osinski","Film Editor"
"550","55","Mrs. Vivian Raynor","Janie Gislason","Actor"
"551","56","Elmer Conroy","Krista Crona","Actress"
"552","56","Gloria Marquardt","Garry Oberbrunner-Stiedemann V","Screenwriter"
"553","56","Terrence Howe","Dr. Luther Johns","Cinematographer"
"554","56","Neal Macejkovic I","Heidi Boyer","Actor"
"555","56","Alexis Rodriguez-Moore","Kristina Legros","Film Editor"
"556","56","Larry Ferry","Sandra Swift","Costume Designer"
"557","56","Jana Pouros","Ginger D'Amore","Producer"
"558","56","Casey Wilderman","Felicia Klein III","Production Designer"
"559","56","Dr. Raul Pfeffer","Vernon Smitham","Screenwriter"
"560","56","Virgil Jones","Herbert O'Hara-Torphy","Director"
"561","57","Jessica Effertz","Mr. Harold Bernier","Production Designer"
"562","57","Ramona Kiehn IV","Amelia Hauck MD","Actress"
"563","57","Julia Tillman","Oliver Bogisich","Producer"
"564","57","Ms. Denise Steuber","Celia Cummerata","Production Designer"
"565","57","Lauren Douglas","Ginger Von II","Costume Designer"
"566","57","Julio Bartell","Neal VonRueden","Costume Designer"
"567","57","Allan Corwin","Louis Rath","Screenwriter"
"568","57","Hilda McKenzie","Bernadette Nitzsche-Thiel","Screenwriter"
"569","57","Edgar Schaden","Jody O'Kon","Actress"
"570","57","Luke Krajcik","Kurt Hodkiewicz","Actor"
"571","58","Tony Konopelski","Arnold Schaefer","Producer"
"572","58","Celia Hudson","Dustin Johnston","Music Composer"
"573","58","Elijah MacGyver Sr.","Cynthia Hagenes","Production Designer"
"574","58","Nathan Kassulke","Crystal O'Keefe","Music Composer"
"575","58","Leah Treutel-Schneider","Alberto Walsh","Actor"
"576","58","Thelma Franecki","Miss Krista Bradtke","Costume Designer"
"577","58","Sheryl Bernhard","Lucas Gutmann","Film Editor"
"578","58","Sidney Ritchie Sr.","Stephen Haag","Screenwriter"
"579","58","Todd Lind","Dr. Walter Cronin","Production Designer"
"580","58","Johnnie Anderson","Stewart Padberg-Hyatt","Film Editor"
"581","59","Cameron McGlynn Jr.","Mrs. Eva Weber","Costume Designer"
"582","59","Charles Goldner","Cheryl Price","Actor"
"583","59","Mattie Farrell","Gregg Huel","Film Editor"
"584","59","Derrick Leuschke","Nancy Trantow","Actor"
"585","59","Joe Leannon","Ross Ryan","Actress"
"586","59","Sherman Legros","Marian Sporer-Lynch","Screenwriter"
"587","59","Seth Casper","Kellie Cassin","Director"
"588","59","Lindsey Pfeffer","Molly Fadel","Actor"
"589","59","Jackie Prosacco","Hugo Towne","Cinematographer"
"590","59","Debbie Treutel","Glenn McKenzie-Ullrich","Music Composer"
"591","60","Dana Hane","Dr. Alberta Von","Music Composer"
"592","60","Mattie Ebert V","Dave Ebert","Actress"
"593","60","Charlotte Ritchie","Lori Balistreri","Director"
"594","60","Mr. Micheal Schoen V","Danielle Hirthe","Actress"
"595","60","Derek Strosin","Megan Zulauf III","Production Designer"
"596","60","Jeannette Kemmer","Drew Skiles","Production Designer"
"597","60","Toni Hoeger","Vincent Sanford","Cinematographer"
"598","60","Kerry Zulauf","Blake Strosin","Music Composer"
"599","60","Thomas Davis","Marcos Mayer-Roob","Music Composer"
"600","60","Dr. Ken Hamill","Paula Davis","Costume Designer"
"601","61","Glen Trantow","Mitchell Feeney II","Actress"
"602","61","Mrs. June Nader","Lula Kemmer","Cinematographer"
"603","61","Glenda Kilback","Marie Will","Production Designer"
"604","61","Tiffany White PhD","Terrence Bergnaum","Costume Designer"
"605","61","Mr. Ross Mertz Jr.","Kristie Strosin","Actor"
"606","61","Fernando Von","Arturo Zemlak","Actor"
"607","61","Alonzo Bogisich","Mr. Hugo Hagenes","Director"
"608","61","Jonathon Kemmer","Don Weissnat","Actress"
"609","61","Arthur Abbott-Volkman","Mrs. Mabel Gutmann","Actor"
"610","61","Reginald Pollich-Will","Andres Lockman","Director"
"611","62","Randal Crona","Jeannette Feeney DVM","Production Designer"
"612","62","Vivian Green","Joel Kerluke","Music Composer"
"613","62","Elmer Hagenes","Rodney Wiza","Production Designer"
"614","62","Patsy Sipes","Wilbert Bednar","Actress"
"615","62","Ella Champlin-Murray","Erin Vandervort","Producer"
"616","62","Noah Watsica-Fadel","Myron Buckridge DVM","Actress"
"617","62","Doyle Johns","Sean Breitenberg","Actress"
"618","62","Darla Swaniawski PhD","Ricardo Murphy","Film Editor"
"619","62","Greg Donnelly PhD","Jeanette Nicolas","Music Composer"
"620","62","Kent Boehm","Mr. Johnny Lemke","Film Editor"
"621","63","Darla Nikolaus","Jerome Leuschke DVM","Screenwriter"
"622","63","Shannon Nolan","Kevin Hilll Sr.","Film Editor"
"623","63","Mr. Cary Wiza","Joe Jakubowski","Director"
"624","63","Tabitha Osinski","Bob Franecki","Film Editor"
"625","63","Leona McClure Jr.","Dr. Brian Blanda","Actress"
"626","63","Dr. Harvey Kemmer","Dr. Bert Stehr","Cinematographer"
"627","63","Sidney Jakubowski","Myrtle Bernier","Cinematographer"
"628","63","Roosevelt Kovacek","Rosemarie Moore","Actor"
"629","63","Dr. Jerald Waelchi PhD","Sonja Connelly","Music Composer"
"630","63","Nina Moore","Lisa Hirthe","Actress"
"631","64","Timothy Fritsch","Sonja Braun","Actress"
"632","64","Dr. Lee Wunsch-Pfannerstill","Mario Jerde","Film Editor"
"633","64","Edmund Zemlak-McGlynn","Alma Ankunding IV","Film Editor"
"634","64","Minnie Hodkiewicz DDS","Steven Langosh","Film Editor"
"635","64","Earnest Howell","Lynette Cummings","Production Designer"
"636","64","Jerome Ritchie","Dr. Don Zboncak","Costume Designer"
"637","64","Benny Torphy","Wilbur Rippin","Director"
"638","64","Tricia Haag","Rose Wisoky","Actor"
"639","64","Harriet Parisian","Pedro Bogan","Actor"
"640","64","Jackie Lemke","Kristen Dickens","Actor"
"641","65","May Pagac","Sophie Nader","Music Composer"
"642","65","Stephen Halvorson","Jeannette Jaskolski","Film Editor"
"643","65","Dr. Anita Reilly","Benny Yost V","Screenwriter"
"644","65","Cheryl Hermiston","Dana Bernier III","Film Editor"
"645","65","Nellie Pfeffer","Samantha Cormier","Actress"
"646","65","Terri Walker","Myron Hilpert","Actor"
"647","65","Miss Katrina Wilderman MD","Ramon Vandervort","Cinematographer"
"648","65","Juana Price","Roberto Wisozk","Cinematographer"
"649","65","Leigh Collins","Marjorie Price","Costume Designer"
"650","65","Gregg Hegmann","Shelley Pfeffer-Ritchie","Producer"
"651","66","June Crona","Brendan Streich","Director"
"652","66","Sherry Roberts","Darla Volkman","Production Designer"
"653","66","Francis Ernser","Salvador Tromp-Rogahn","Producer"
"654","66","Merle Hudson-Schmitt","Debbie Kovacek Jr.","Music Composer"
"655","66","Miss Judith Beer II","Gregg Lockman","Actress"
"656","66","Adam Jacobson","Mr. Alex Koepp","Actress"
"657","66","Bryant Okuneva","Meghan Senger","Costume Designer"
"658","66","Willie Turcotte","Miss Carole Hodkiewicz","Costume Designer"
"659","66","Lucille Gislason DVM","Caleb Auer","Actress"
"660","66","Mike Wilderman","Van Fadel","Director"
"661","67","Cecelia Kutch","Duane Rohan","Cinematographer"
"662","67","Colleen Fay","Erik Gutmann","Costume Designer"
"663","67","Angelina Smith V","Silvia Bartoletti","Director"
"664","67","Ashley Klein","Lela Auer","Screenwriter"
"665","67","Opal Kemmer","Bernice O'Hara","Production Designer"
"666","67","Lester Gottlieb","Chelsea Grant","Costume Designer"
"667","67","Kate Lockman","Ernesto Bosco","Cinematographer"
"668","67","Marianne Yundt","Tracy Waters","Screenwriter"
"669","67","Noah Marks","Derrick Dare","Screenwriter"
"670","67","Oscar Bogisich","Betsy Smith","Screenwriter"
"671","68","Miriam Feeney","Audrey Jacobson","Director"
"672","68","Celia Tromp","Dr. Chris Wisoky","Cinematographer"
"673","68","Dr. Claude Schulist","Ronald Kertzmann","Cinematographer"
"674","68","Marta Williamson","Guillermo Streich","Actor"
"675","68","Jasmine Stokes","Santos Brown","Screenwriter"
"676","68","Laverne McKenzie","Luis Hoeger","Music Composer"
"677","68","Alicia Boehm","Teri Jakubowski","Actor"
"678","68","Austin Ortiz IV","Clara Pfannerstill","Actor"
"679","68","Wanda Casper","Terry Heathcote","Costume Designer"
"680","68","Joel Metz","Marlon Heller PhD","Music Composer"
"681","69","Catherine Kris","Marjorie Towne-Walker","Cinematographer"
"682","69","Joan Denesik","Michelle Morissette","Producer"
"683","69","Cathy Rohan","Brooke Lakin","Screenwriter"
"684","69","Sylvia Weissnat","Gloria Kiehn","Film Editor"
"685","69","Gerard O'Hara","Orville Koss","Cinematographer"
"686","69","Anita King","Lynette Weber","Music Composer"
"687","69","Randal Bogan","Lowell Stiedemann","Actress"
"688","69","Dr. Vera Hauck","Barbara Williamson","Costume Designer"
"689","69","Olive Bogan","Gwen Swift DDS","Actor"
"690","69","Hope Reinger","Neal Berge","Actress"
"691","70","Melody Blanda","Lloyd Swaniawski","Cinematographer"
"692","70","Mattie Wiegand","Dr. Malcolm Walker","Actor"
"693","70","Lula Hackett","Estelle Harris","Actress"
"694","70","Mrs. Lorraine Walter","Susie Becker","Costume Designer"
"695","70","Miss Renee Stamm IV","Katrina Parker","Producer"
"696","70","Johanna Franey","Mr. Brent Feil","Costume Designer"
"697","70","Dr. Byron Bernhard","Leslie Mante","Actor"
"698","70","Mr. Homer Schamberger-Purdy","Christine Turner","Production Designer"
"699","70","Ms. Wendy Nienow","Vanessa Hauck","Actor"
"700","70","Joyce Schultz","Claudia Barrows DDS","Producer"
"701","71","Betty Parisian","Maurice Jaskolski","Costume Designer"
"702","71","Bernice Gusikowski","Teri Kohler","Film Editor"
"703","71","Marcia Spencer","Steven Schultz","Producer"
"704","71","Dr. Pat Konopelski","Alexis McKenzie I","Costume Designer"
"705","71","Margie Beier","Steven Lesch","Film Editor"
"706","71","Martin Feeney","Jody Grady-O'Reilly","Screenwriter"
"707","71","Norma Nitzsche","Dr. Pete Satterfield","Film Editor"
"708","71","Mrs. Lorene Ferry","Ernesto Keeling","Production Designer"
"709","71","Geraldine Beer","Olivia Prosacco","Cinematographer"
"710","71","Shirley Bogan","Herman Mills MD","Costume Designer"
"711","72","Misty Treutel","Molly Schiller","Cinematographer"
"712","72","Beatrice Schmidt-Kutch","Antonia Wunsch","Costume Designer"
"713","72","Terri Becker","Frederick Brown","Producer"
"714","72","Conrad Ondricka","Carrie Terry","Actress"
"715","72","Dr. Alfred Durgan","Dr. Helen Breitenberg","Director"
"716","72","Andrea Ullrich","Kristine Koepp","Costume Designer"
"717","72","Stewart Roberts","Gerard Purdy","Film Editor"
"718","72","Leon Leannon DDS","Howard McGlynn","Production Designer"
"719","72","Wilson Conn PhD","Marion Quitzon","Producer"
"720","72","Wm Howell","Billie Windler","Actress"
"721","73","Jerald Prohaska","Winifred Hegmann","Actress"
"722","73","Henry Blick","Joel Heaney","Producer"
"723","73","Mable Veum","Stanley Borer","Music Composer"
"724","73","Luke Franey","Simon Hirthe DDS","Music Composer"
"725","73","Jacob O'Keefe","Irvin Lehner","Film Editor"
"726","73","Mrs. Roxanne Jenkins-Feeney","Dr. Glenn Krajcik","Actress"
"727","73","Marcella Crooks IV","Orville Stokes","Screenwriter"
"728","73","Johnnie Kuphal","Drew Marks","Actress"
"729","73","Rafael Prohaska","Corey Toy","Film Editor"
"730","73","Julio Conroy","Mildred Hayes","Director"
"731","74","Doyle Wuckert","Mrs. Ebony Heaney","Director"
"732","74","Hubert Metz","Simon Swaniawski","Director"
"733","74","Kim Mosciski-Bartell","Darrell Kshlerin","Actor"
"734","74","Tommie Collins","Wanda Koch","Actor"
"735","74","Jesse Runte","Doug Gleason DDS","Actor"
"736","74","Catherine Hoppe","Miss Muriel Tillman","Actor"
"737","74","Donald Friesen","Emmett Lang","Director"
"738","74","Jaime Waters","Ms. Meredith Durgan","Actress"
"739","74","Edith Bayer","Arlene Schuppe","Actor"
"740","74","Mandy Ondricka","Fannie Rogahn","Costume Designer"
"741","75","Patty Rau","Kristine Stracke Sr.","Cinematographer"
"742","75","Tina Medhurst","Tiffany Harvey","Music Composer"
"743","75","Krystal Sanford Sr.","Anthony Hauck","Cinematographer"
"744","75","Violet Medhurst","Dr. Darren Mohr","Costume Designer"
"745","75","Delbert Murazik","Paulette Wilderman","Costume Designer"
"746","75","Ms. Luz Hegmann","Irene Smith","Producer"
"747","75","Jim Koepp","Martin Kutch","Producer"
"748","75","Isaac Langosh","Jana Kutch","Costume Designer"
"749","75","Zachary Dicki","Ivan Sipes","Producer"
"750","75","Jackie Beahan","Gustavo Kirlin","Production Designer"
"751","76","Floyd Larkin","Reginald Goyette II","Cinematographer"
"752","76","Leslie Runte","Mrs. Ella Kohler Sr.","Actress"
"753","76","Mr. Duane Wiegand","Dr. Willis Lesch","Producer"
"754","76","Clifton Spinka MD","Mr. Lester Aufderhar","Costume Designer"
"755","76","Calvin Gusikowski","Garrett West","Producer"
"756","76","Laverne Klocko II","Nicole Schoen I","Producer"
"757","76","Josephine Pollich","Ms. Gretchen Weber","Actor"
"758","76","Tasha Schmitt","Bertha Emard","Screenwriter"
"759","76","Mr. Rufus Senger-Donnelly","Erin Lowe","Producer"
"760","76","Dr. Jim Konopelski","Emilio Predovic","Producer"
"761","77","Wallace Ratke","Erica Stanton","Director"
"762","77","Todd Graham","Ms. Glenda Goodwin","Actor"
"763","77","Dorothy Stracke","Jessica Sanford","Director"
"764","77","Fredrick Abshire","Elbert Mraz","Production Designer"
"765","77","Kirk Keebler","Michele Gerhold","Costume Designer"
"766","77","Donnie Cummings IV","Dr. Mark Spencer","Cinematographer"
"767","77","Jill Boyer","Candice Dibbert-Thiel","Music Composer"
"768","77","Jennie Haley","Sheri Morissette","Cinematographer"
"769","77","Sean Daugherty","Christian Hodkiewicz","Costume Designer"
"770","77","Suzanne Hoppe","Barbara Block","Actress"
"771","78","Timmy Botsford","Ralph Zemlak","Director"
"772","78","Craig Walsh","Isaac Oberbrunner","Actor"
"773","78","Dr. Jenna Brakus","Mr. Willard Emard","Producer"
"774","78","Wilson Marvin","Barbara Crona","Production Designer"
"775","78","Jamie Durgan","Preston Bartoletti","Cinematographer"
"776","78","Shannon Terry","Annie Yost I","Music Composer"
"777","78","Harry Kohler","Nathaniel Schowalter","Actor"
"778","78","Crystal Schroeder","Daniel O'Reilly","Film Editor"
"779","78","Patricia Christiansen V","Wanda Marquardt","Film Editor"
"780","78","Karla Monahan","Ginger Funk","Director"
"781","79","Mae Sawayn","Gerard Legros-Reichel","Producer"
"782","79","Sherman Marvin","Ted Cassin","Production Designer"
"783","79","Gina Yundt","Brittany Orn","Director"
"784","79","Gwendolyn Schowalter","Jeffrey Boehm","Film Editor"
"785","79","Donnie Lang","Mrs. Chelsea Frami","Cinematographer"
"786","79","Lula Glover","Elvira Stoltenberg","Production Designer"
"787","79","Stella Kovacek","Penny Nicolas","Actor"
"788","79","Lindsay VonRueden","Catherine Streich","Actor"
"789","79","Jenna Nitzsche","Cassandra Rohan","Actress"
"790","79","Jacquelyn Lebsack","Harriet Skiles","Cinematographer"
"791","80","Benny Bode","Jason Ryan","Production Designer"
"792","80","Cynthia Schultz","Victoria Rowe","Music Composer"
"793","80","Edmund McDermott","Lela Streich","Screenwriter"
"794","80","Dr. Earnest Runolfsson DVM","Dr. Jacob Sanford","Producer"
"795","80","Armando Yost","Yolanda Kunze","Production Designer"
"796","80","Vernon Kessler","Meredith Rippin","Film Editor"
"797","80","Alvin Braun DDS","Paul Bauch","Costume Designer"
"798","80","Marsha Huel Sr.","Ginger Bogisich IV","Film Editor"
"799","80","Robin Larkin","Lynn McKenzie","Producer"
"800","80","Amelia Predovic","Margarita Miller-Ankunding","Music Composer"
"801","81","Miss Gretchen Daniel","Glenn Friesen","Actress"
"802","81","Diane Klein","Miss Lola Fay","Actress"
"803","81","Andy Cartwright","Pete Ritchie","Actress"
"804","81","Manuel Hintz","Dan Kutch","Cinematographer"
"805","81","Ernestine Auer","Nettie Wintheiser","Production Designer"
"806","81","Mildred Pfeffer","Cora Berge","Production Designer"
"807","81","Rogelio Rippin","Desiree Buckridge","Actress"
"808","81","Rodolfo Hegmann","Sarah Leffler","Production Designer"
"809","81","Viola Hudson","Rosa Pfeffer","Cinematographer"
"810","81","Ruby Bergnaum","Fred Lemke","Music Composer"
"811","82","Micheal Thompson","Karla Donnelly","Screenwriter"
"812","82","Gladys Baumbach","Tara Gusikowski","Music Composer"
"813","82","Archie Marquardt II","Mr. Terrence Kuvalis","Actor"
"814","82","Rolando Conroy","Jenna Dooley","Music Composer"
"815","82","Amelia Schmidt","Johnnie Renner V","Production Designer"
"816","82","Mike Gorczany","Lionel Pouros","Costume Designer"
"817","82","Tamara Sipes","Irene Cartwright","Screenwriter"
"818","82","Holly Ankunding","Annette Emmerich","Producer"
"819","82","Malcolm Schmeler","Mr. Elbert Koelpin","Cinematographer"
"820","82","Grady Feest","Mark Stroman","Production Designer"
"821","83","Santos Grimes","Lillie Okuneva","Film Editor"
"822","83","Vicky Marquardt","Mona Gusikowski","Director"
"823","83","Dr. Dustin Gusikowski","Mae Thiel","Production Designer"
"824","83","Crystal Rau","Delia Hodkiewicz-Dooley","Production Designer"
"825","83","Kristopher Abshire","Marsha Gutkowski","Producer"
"826","83","Courtney Barrows","Ernestine Reinger","Costume Designer"
"827","83","Tyrone Kuhn","Jerry Cole","Screenwriter"
"828","83","Jeannette Stiedemann IV","Kimberly O'Kon","Production Designer"
"829","83","Myra Lowe","Jessie Swaniawski","Production Designer"
"830","83","Celia Funk","Elias Romaguera","Music Composer"
"831","84","Jared Nader","Garrett Ortiz","Director"
"832","84","Bobby Nicolas","Sheila O'Kon","Actor"
"833","84","Hubert Grimes","Johnnie Kuphal Sr.","Costume Designer"
"834","84","John Hills","Robert Treutel","Screenwriter"
"835","84","Dora Heidenreich-Deckow","Harry Shanahan Jr.","Actor"
"836","84","Roger Cole","Arturo Bins","Producer"
"837","84","Dr. Tracey Hudson","Viola Bogisich","Director"
"838","84","Casey Collier","Miss Maggie Bergstrom","Actor"
"839","84","Janis Runolfsdottir","Becky Ledner","Film Editor"
"840","84","Marian Miller","Felicia Larkin","Music Composer"
"841","85","Ramiro Heidenreich IV","Craig Cronin","Actor"
"842","85","Rochelle Beer","Kelvin Upton","Screenwriter"
"843","85","Van Carroll","Penny Maggio V","Film Editor"
"844","85","Francis Goldner","Alan Walker","Screenwriter"
"845","85","Mr. Chester Predovic","Miss Minnie Orn","Director"
"846","85","Perry Kiehn","Krystal Satterfield PhD","Costume Designer"
"847","85","Sara Becker","Jessie Johnston V","Producer"
"848","85","Anne Stoltenberg","Johnny Kutch","Actress"
"849","85","Rochelle Dietrich DDS","Simon Kirlin","Producer"
"850","85","Antonia Okuneva","Valerie Durgan","Director"
"851","86","Jenny Johnston II","Ms. Diana Schulist","Cinematographer"
"852","86","Juanita Larkin","Tina Hansen","Actress"
"853","86","Kristopher Corwin","Brendan O'Reilly","Film Editor"
"854","86","Peggy Powlowski","Brian Pagac IV","Actor"
"855","86","Mark Hickle","Roxanne Hegmann","Director"
"856","86","Dallas Keebler","John Parker DDS","Music Composer"
"857","86","Sheri Hartmann","Kirk Lockman","Director"
"858","86","Andrea Satterfield","Darla Kirlin","Production Designer"
"859","86","Lindsay Welch","Bruce Miller II","Screenwriter"
"860","86","Kelly Sawayn","Charlotte Ondricka","Screenwriter"
"861","87","Catherine Fadel","Dr. Drew Rosenbaum","Screenwriter"
"862","87","Miss Stacey Carroll","Carlos O'Connell","Film Editor"
"863","87","Sheryl Koelpin","Jo Parker","Costume Designer"
"864","87","Eileen McDermott","Kristy Abbott","Costume Designer"
"865","87","Jack O'Conner","Lorena Mills","Music Composer"
"866","87","Dustin Becker","Vincent Harris","Costume Designer"
"867","87","Domingo Kunze","Guadalupe Thompson","Music Composer"
"868","87","Mrs. Mindy Kunde-Mueller","Miss Diana Dach","Music Composer"
"869","87","Dr. Delores Wilkinson","Johanna Volkman","Screenwriter"
"870","87","Marvin Bogisich DDS","Enrique Marquardt-Green","Film Editor"
"871","88","Alice Borer DDS","Mrs. Wilma Mosciski","Actor"
"872","88","Joyce Dickens","Otis Reichel","Producer"
"873","88","Orlando Bailey","Melinda Schinner","Actor"
"874","88","Archie Gutmann","Fannie Kiehn","Director"
"875","88","Ms. Alice Bashirian","Raquel Kiehn","Screenwriter"
"876","88","Toby Davis","Bethany Bode","Cinematographer"
"877","88","Mildred Shields","Leon Robel","Production Designer"
"878","88","Lydia Block","Mrs. Jackie Lynch","Production Designer"
"879","88","Jerald Russel","Ivan DuBuque Sr.","Production Designer"
"880","88","Sue Kuhic","Patricia Funk","Music Composer"
"881","89","Ms. Flora Padberg","Dr. Sheldon Friesen","Costume Designer"
"882","89","Wilbur Howell IV","Ernestine Adams","Screenwriter"
"883","89","Todd Moen DVM","Geoffrey Bartell","Director"
"884","89","Milton Walter","Allan Luettgen","Costume Designer"
"885","89","Joy Casper","Bradford Daugherty","Actor"
"886","89","Orlando Torphy","Zachary Glover","Actress"
"887","89","Christy Kassulke","Mr. Kenny Sipes","Production Designer"
"888","89","William Cole MD","Edgar Towne","Production Designer"
"889","89","Dr. Ann Homenick V","Jean Ryan","Screenwriter"
"890","89","Edith Von","Ted Ruecker-Rempel","Actor"
"891","90","Marcia Prosacco Jr.","Pedro Baumbach","Producer"
"892","90","Gladys Nikolaus","Rolando Wilderman","Actor"
"893","90","Ignacio Buckridge","Sonia Mertz","Actress"
"894","90","Alma Leffler","Erick Von","Music Composer"
"895","90","Joy Greenholt","Mr. Rogelio Parisian-Rempel","Actor"
"896","90","Miss Tammy Lueilwitz PhD","Albert Russel","Production Designer"
"897","90","Harry Lakin","Jesus Rath","Producer"
"898","90","Amy Kunde","Dr. Jonathon Wyman","Production Designer"
"899","90","Armando Hane","Jana Walsh IV","Film Editor"
"900","90","Gary Ullrich","Eugene Wehner","Screenwriter"
"901","91","Lucille Howell","Kristopher Jerde","Producer"
"902","91","Diane Jacobson","Harold Schroeder Sr.","Screenwriter"
"903","91","Patsy Volkman","Mona Keeling","Actress"
"904","91","Ms. Grace Huels","Michelle Trantow","Film Editor"
"905","91","Ms. Candice DuBuque","Nathaniel Kassulke","Costume Designer"
"906","91","Erica Hermiston DVM","Pam Daugherty","Producer"
"907","91","Alison Ward","Mike Stracke","Producer"
"908","91","Morris Kirlin","Chester Price","Film Editor"
"909","91","Ms. Hattie Sporer","Adrian Bode","Costume Designer"
"910","91","Erik Veum","Karen Russel","Director"
"911","92","Allison Ankunding","Tami Stark","Screenwriter"
"912","92","Mack Champlin","Irene Lubowitz","Screenwriter"
"913","92","Ronnie Koss","Olivia Kerluke","Producer"
"914","92","Ms. Juana Padberg","Roy Muller","Screenwriter"
"915","92","Jonathon Ruecker PhD","Agnes Bins","Cinematographer"
"916","92","Dr. Jeannette Wyman","Dianna Reilly","Cinematographer"
"917","92","Lucas Funk","Nicholas Heaney","Actress"
"918","92","Jerry DuBuque","Matt Nader","Producer"
"919","92","Edmond Wilkinson","Andres Kassulke","Cinematographer"
"920","92","Jonathon Bergstrom","Casey Fahey","Director"
"921","93","Mack Jenkins-Schulist","Lowell Schaefer","Cinematographer"
"922","93","Marlene Rowe","Faith Schaden","Producer"
"923","93","Della Dickinson","Florence Cassin","Production Designer"
"924","93","Brooke Heaney","Nina Okuneva","Director"
"925","93","Shannon Daugherty","Tyrone Cummings","Film Editor"
"926","93","Mr. Glenn Kreiger","Edward Ward","Actor"
"927","93","Marsha Thiel","Kenneth Kling","Screenwriter"
"928","93","Joyce Schowalter V","Dr. Harry Mraz","Film Editor"
"929","93","Doug Kulas","Lila Rutherford","Actress"
"930","93","Deborah Jaskolski","Margaret Hodkiewicz-Bernhard","Actress"
"931","94","Earl Mills","Ernesto Padberg","Costume Designer"
"932","94","Sidney Heidenreich","Harry Treutel","Actress"
"933","94","Mr. Shawn Romaguera","Rebecca Bruen-Schimmel","Actress"
"934","94","Sheryl Hermiston","Darryl Kutch DDS","Producer"
"935","94","Dale Predovic","Ethel Lowe","Music Composer"
"936","94","Leo Bogisich IV","Troy Morar","Costume Designer"
"937","94","Gabriel Ledner","Darryl Strosin","Actress"
"938","94","Benjamin Bradtke","Nathaniel Kohler DVM","Costume Designer"
"939","94","Nelson Miller II","Inez Pfannerstill","Costume Designer"
"940","94","Ronnie Cartwright","Kelvin Pfeffer","Actress"
"941","95","Mr. Guy Ledner I","Sonia Lebsack","Film Editor"
"942","95","Raquel Dare III","Ms. Kristen Walter","Cinematographer"
"943","95","Susie Orn","Dana Olson","Actor"
"944","95","Andrea Sauer","Yolanda Beahan","Producer"
"945","95","Cora Lesch III","Maxine Kihn","Film Editor"
"946","95","Dr. Sergio Altenwerth","Lorena Hodkiewicz","Production Designer"
"947","95","Rodney McClure","Dr. Javier Hodkiewicz","Cinematographer"
"948","95","Percy Graham","Lauren Hermiston","Producer"
"949","95","Oscar Kihn PhD","Jimmie Paucek","Actress"
"950","95","Roberta Trantow","Mr. Andre Rowe-Jast","Music Composer"
"951","96","Phillip Mertz-Schowalter","Billy Ruecker","Screenwriter"
"952","96","Marion Heidenreich V","Doyle Krajcik Jr.","Music Composer"
"953","96","Sherman Brekke","Seth Schaden","Director"
"954","96","Rosalie Jaskolski II","Brad Schmitt","Screenwriter"
"955","96","Felicia Mertz MD","Colleen Konopelski","Actress"
"956","96","Clarence Boyer","Bradley Beatty I","Film Editor"
"957","96","Lori Mohr","Ramona Walker DDS","Director"
"958","96","Greg Schiller","Neal Buckridge-Kassulke","Actor"
"959","96","Gail Carroll","Sergio Cruickshank","Screenwriter"
"960","96","Mrs. Dana Bailey","Raymond Beer","Cinematographer"
"961","97","Danielle Kunze","Alma Douglas PhD","Costume Designer"
"962","97","Ms. Melody Hintz","Patrick Lesch","Actress"
"963","97","Joann Welch","Roberto Greenholt","Actress"
"964","97","Silvia Reinger","Kelli Gerlach","Costume Designer"
"965","97","Noah Rohan","Ira Paucek DDS","Music Composer"
"966","97","Aaron McClure-Weimann","Elaine Rowe","Production Designer"
"967","97","Marcia MacGyver","Iris Rice","Director"
"968","97","Jan Okuneva","Rodney Mraz","Film Editor"
"969","97","Dixie Zulauf","Shaun Deckow","Actor"
"970","97","Lester Mosciski","Mrs. Gwendolyn Koepp","Cinematographer"
"971","98","Guadalupe Kerluke","Everett Bernhard","Costume Designer"
"972","98","Delores Nolan","Willard Pacocha","Costume Designer"
"973","98","Mr. Ken Smitham","Sheldon Aufderhar","Director"
"974","98","Agnes Lesch","Eula Sawayn","Screenwriter"
"975","98","Vickie Green","Pam Waters","Actress"
"976","98","Carrie Davis","Dr. Dwayne Kub","Director"
"977","98","Jack O'Kon","Timothy Cremin","Screenwriter"
"978","98","Patty Walsh","Cristina Johnson-Bartell","Director"
"979","98","Lauren Harber","Terri Howell IV","Cinematographer"
"980","98","Kara Crooks","Lydia Kovacek","Production Designer"
"981","99","Julio Green IV","Anne Parker","Film Editor"
"982","99","Helen Hagenes","Mathew Okuneva","Director"
"983","99","Freddie Stehr-Zboncak","Derrick Mayert I","Film Editor"
"984","99","Elizabeth Paucek","Dana Howe","Production Designer"
"985","99","Tina Douglas Sr.","Dr. Minnie Corwin","Cinematographer"
"986","99","Jean Rolfson","Miss Debbie Predovic","Music Composer"
"987","99","Lamar Willms","Vernon Kiehn","Music Composer"
"988","99","Evelyn Heaney","Nick Shanahan","Cinematographer"
"989","99","Dr. Abel Robel","Sonja Rath-Will","Director"
"990","99","Mrs. Jacquelyn Considine","Clay Ritchie","Production Designer"
"991","100","Ms. Nettie Borer","Daniel Marvin","Producer"
"992","100","Brandi Waters","Bryant Rowe","Actress"
"993","100","Al Hagenes Sr.","Grady Glover","Production Designer"
"994","100","Dr. Peter Pacocha","Michelle Casper","Film Editor"
"995","100","Kayla Hoppe","Vivian Flatley DDS","Screenwriter"
"996","100","Ron Hills","Johnny Schimmel DDS","Film Editor"
"997","100","Shirley Daugherty","Shawna Rice","Cinematographer"
"998","100","Jeannie Rodriguez","Pearl Bauch","Producer"
"999","100","Olivia King","Sabrina Herman","Production Designer"
"1000","100","Leslie Zieme","Angela Pouros","Producer"