"id","title","description","release_year","age_certification","runtime","genres","production_country","seasons"
"1","Sleek Wooden Pizza","Cumque dolores minima sit commodi nostrum modi.","2019","R21","85","Thriller, Romance, Drama","JPN",""
"2","Gorgeous Cotton Sausages","Nesciunt eaque pariatur accusamus expedita eveniet impedit tempore.","1910","X18","145","Western, Mystery, Drama","USA",""
"3","Oriental Granite Keyboard","Cumque voluptates ducimus dolorem.","1938","6","85","Mystery, Action, Romance","AUS",""
"4","Generic Granite Fish","Sapiente ea vel quibusdam consequatur deserunt itaque velit.","1971","X18","130","Drama, Comedy, Horror","USA","6"
"5","Refined Bronze Soap","Ex ratione sunt officia quidem vero quae.","2017","PG-13","121","Thriller, Comedy, Western","JPN",""
"6","Small Fresh Tuna","Blanditiis modi animi alias fugit velit modi.","1988","PG","146","Mystery, Horror, Western","FRA","2"
"7","Ergonomic Rubber Bacon","Exercitationem harum quas necessitatibus dolore quos asperiores amet earum quisquam.","2013","9","153","Horror, Fantasy, Mystery","USA","9"
"8","Modern Plastic Keyboard","Impedit quam sit sequi ea pariatur necessitatibus labore necessitatibus.","1904","G","96","Horror, Fantasy, Romance","JPN",""
"9","Refined Rubber Shirt","Eius minus mollitia sequi voluptates.","1974","6","144","Romance, Thriller, Mystery","GBR","10"
"10","Luxurious Wooden Towels","Eveniet perferendis culpa nostrum nisi rerum ex aut.","2012","U/A","99","Action, Western, Romance","USA",""
"11","Modern Plastic Chair","Aspernatur laborum ea odio cumque a ducimus ratione aut magni.","1975","T","153","Western, Fantasy, Comedy","AUS","1"
"12","Sleek Frozen Shirt","Recusandae facere nam repellat iure optio vel impedit.","1947","E","170","Comedy, Western, Action","USA",""
"13","Licensed Bronze Fish","Necessitatibus exercitationem nesciunt beatae.","1934","CA","137","Fantasy, Mystery, Horror","GBR",""
"14","Elegant Granite Chicken","Sequi error atque distinctio.","1943","A","151","Fantasy, Action, Horror","USA",""
"15","Generic Steel Table","Provident est officiis praesentium voluptatum minima alias inventore.","1950","EC","115","Fantasy, Thriller, Romance","IND","1"
"16","Sleek Fresh Towels","Necessitatibus quibusdam cumque ad possimus voluptatibus ab a quidem ut.","1962","M/PG","94","Comedy, Horror, Action","JPN",""
"17","Refined Wooden Soap","Natus numquam ut non.","1952","12","165","Mystery, Romance, Comedy","GBR","3"
"18","Licensed Rubber Computer","Quos excepturi commodi impedit incidunt delectus nihil eligendi tempora perferendis.","1995","TV-G","153","Thriller, Mystery, Action","FRA",""
"19","Bespoke Cotton Soap","Facere nesciunt sequi nostrum.","1977","TV-Y7","164","Drama, Fantasy, Comedy","GBR",""
"20","Incredible Fresh Fish","Ducimus aliquam quidem consequatur quasi optio dolorum adipisci iure.","1917","TV-MA","88","Romance, Western, Mystery","USA",""
"21","Generic Steel Hat","Distinctio culpa ea est sit nam laudantium officia asperiores.","1989","R18+","80","Drama, Fantasy, Horror","AUS",""
"22","Generic Concrete Computer","Omnis omnis dolore eveniet deleniti harum sit optio.","2018","M/PG","123","Action, Thriller, Western","FRA","1"
"23","Handcrafted Cotton Sausages","Nisi illo culpa occaecati voluptas ea impedit quos.","1913","A","178","Thriller, Fantasy, Romance","USA",""
"24","Gorgeous Soft Table","Eveniet quam repellat ad nemo aliquid quibusdam eveniet exercitationem.","1919","TV-Y","88","Thriller, Action, Comedy","IND","2"
"25","Licensed Metal Mouse","Earum amet dolor quae repudiandae vero placeat provident.","1940","18","89","Fantasy, Western, Comedy","USA","8"
"26","Licensed Bronze Chicken","Voluptas voluptates voluptatem cumque libero quia unde maiores.","1949","TV-Y7","108","Thriller, Drama, Horror","AUS","7"
"27","Rustic Plastic Chair","Magni quod dicta.","1945","R18","135","Fantasy, Action, Comedy","GBR",""
"28","Electronic Bronze Chips","Eaque iste eveniet nesciunt doloribus.","1980","TV-G","96","Mystery, Drama, Horror","JPN",""
"29","Sleek Frozen Computer","Dignissimos accusantium tempore corporis.","1903","CA","88","Horror, Mystery, Romance","AUS",""
"30","Generic Concrete Pizza","Praesentium ex tempore nisi.","1948","R16","167","Fantasy, Mystery, Action","JPN",""
"31","Ergonomic Fresh Computer","Odit ipsam provident repudiandae harum culpa deleniti commodi quas.","1947","GP","146","Drama, Horror, Fantasy","IND","11"
"32","Generic Steel Car","Error temporibus nisi.","2014","GP","100","Fantasy, Mystery, Drama","AUS",""
"33","Rustic Bronze Sausages","Magnam cumque quidem mollitia nostrum iusto.","1904","15","117","Comedy, Romance, Drama","AUS",""
"34","Modern Plastic Keyboard","Delectus voluptatibus nam earum dicta vero quod ipsa tempora.","1914","R18+","145","Horror, Fantasy, Action","USA",""
"35","Fantastic Steel Shirt","Corrupti ut illo molestiae et aliquid.","2020","18","83","Mystery, Drama, Action","FRA","8"
"36","Ergonomic Concrete Tuna","Temporibus minus labore recusandae odio.","1931","TV-Y7","160","Drama, Romance, Comedy","FRA","11"
"37","Handcrafted Wooden Bacon","Fuga nihil doloremque eius quisquam.","1984","R","113","Action, Mystery, Romance","JPN",""
"38","Awesome Fresh Tuna","Illo est porro mollitia nostrum.","2019","R21","123","Romance, Comedy, Action","FRA",""
"39","Practical Concrete Bacon","Dolorum sapiente quia doloribus ipsum officiis ab illum.","1975","TV-14","114","Comedy, Horror, Mystery","AUS","2"
"40","Luxurious Metal Table","Aspernatur earum iusto laboriosam nobis repellendus laudantium quas esse voluptate.","1924","A","140","Mystery, Romance, Thriller","IND",""
"41","Licensed Bronze Table","Dolores repellat minus quia a aliquam.","1914","TV-MA","178","Mystery, Horror, Thriller","AUS","9"
"42","Tasty Fresh Tuna","Quaerat harum iusto repellat voluptatibus voluptatum velit.","2011","CA","92","Action, Comedy, Horror","JPN","7"
"43","Bespoke Fresh Pizza","Dignissimos iure alias dolorum deleniti saepe illum.","1954","TV-G","98","Mystery, Drama, Comedy","GBR",""
"44","Gorgeous Cotton Pants","Rem quidem earum tempore quo optio.","2008","TV-PG","135","Drama, Action, Western","IND",""
"45","Fantastic Plastic Gloves","Consectetur recusandae placeat eos repellendus corrupti nulla esse.","1943","R21","175","Horror, Thriller, Comedy","IND",""
"46","Awesome Frozen Cheese","Harum modi labore perspiciatis libero.","1946","M","176","Fantasy, Horror, Action","IND","5"
"47","Licensed Fresh Pizza","Deserunt omnis dolorem cumque inventore iste atque excepturi nesciunt tempora.","2018","PG-13","163","Romance, Fantasy, Horror","AUS","2"
"48","Handcrafted Soft Shoes","Voluptates consequuntur ex vitae laboriosam dolor magnam.","1909","AL","137","Romance, Fantasy, Mystery","FRA","6"
"49","Electronic Plastic Chair","Debitis aut neque debitis iure aspernatur iusto consectetur laboriosam.","1929","TV-G","161","Drama, Romance, Horror","AUS","7"
"50","Intelligent Cotton Computer","Id repellendus illo labore nemo qui animi id necessitatibus sequi.","1932","PG-13","88","Romance, Drama, Western","JPN","8"
"51","Ergonomic Plastic Tuna","Praesentium tenetur nulla.","1925","AL","119","Mystery, Horror, Western","AUS",""
"52","Sleek Frozen Ball","Assumenda officiis at dolor.","1906","18R","154","Comedy, Action, Drama","GBR","6"
"53","Sleek Concrete Towels","Modi provident officiis repellendus sit nulla dolor asperiores.","1991","AL","113","Mystery, Romance, Action","USA",""
"54","Sleek Frozen Bike","Aspernatur iure tenetur non quo molestiae quae.","1950","9","151","Mystery, Western, Thriller","JPN","3"
"55","Practical Steel Soap","Similique veniam iure non iure cum eaque magni provident.","1956","U/A","132","Drama, Western, Action","AUS","7"
"56","Small Wooden Sausages","Ad sequi nesciunt quaerat et consectetur sed minus dignissimos.","1924","PG-13","96","Horror, Action, Western","FRA",""
"57","Intelligent Bronze Chips","Ipsam in doloremque accusantium deserunt saepe nulla sapiente.","1988","E","159","Drama, Horror, Western","JPN","9"
"58","Bespoke Metal Car","Tenetur omnis sint neque libero.","1983","TV-MA","86","Comedy, Mystery, Horror","IND",""
"59","Handcrafted Concrete Gloves","Illo mollitia deleniti unde molestiae sunt quam aspernatur corrupti.","1962","GP","100","Fantasy, Comedy, Horror","GBR",""
"60","Sleek Fresh Sausages","Velit tempora ea.","1972","GP","137","Western, Action, Drama","AUS",""
"61","Ergonomic Concrete Shirt","Vero expedita porro.","2003","R16","83","Thriller, Drama, Comedy","USA",""
"62","Small Soft Car","Ad minima magni placeat praesentium fugit exercitationem aspernatur mollitia aperiam.","1942","12A","179","Horror, Comedy, Thriller","FRA",""
"63","Unbranded Wooden Chips","Quos voluptatem cumque autem dignissimos occaecati sint fugiat voluptate molestiae.","1913","R16","156","Romance, Thriller, Fantasy","JPN",""
"64","Bespoke Fresh Fish","Similique esse dolor laborum.","1952","AL","91","Western, Horror, Thriller","JPN",""
"65","Tasty Rubber Bike","Temporibus praesentium libero ipsam provident est.","1964","S","128","Horror, Action, Comedy","GBR",""
"66","Luxurious Plastic Tuna","Placeat laborum accusantium ea consectetur culpa distinctio architecto odio id.","1948","AL","112","Action, Drama, Western","JPN","2"
"67","Practical Steel Mouse","Delectus eos sit veritatis iste pariatur minus ratione repellendus.","1992","12","112","Mystery, Action, Thriller","IND","9"
"68","Practical Fresh Shirt","Facilis quia iste velit exercitationem ullam quidem consectetur culpa fugit.","1925","TV-Y7","151","Comedy, Horror, Romance","JPN","5"
"69","Elegant Soft Soap","Quaerat quam magnam eligendi nam excepturi.","1989","T","128","Comedy, Fantasy, Action","FRA",""
"70","Handmade Soft Towels","Dignissimos aut accusantium corporis similique sunt nobis.","1902","C","117","Romance, Mystery, Comedy","FRA","4"
"71","Refined Granite Shirt","Libero occaecati voluptates voluptas fugit aliquam fugit.","1970","EC","84","Western, Thriller, Romance","AUS",""
"72","Unbranded Fresh Soap","Delectus a delectus praesentium.","1970","TV-Y7","83","Horror, Comedy, Romance","GBR",""
"73","Incredible Wooden Fish","Iste harum nesciunt.","2006","PG","111","Comedy, Fantasy, Romance","AUS",""
"74","Intelligent Fresh Sausages","Sapiente laboriosam laborum dicta nam quasi aperiam.","2004","U","153","Romance, Fantasy, Horror","FRA","7"
"75","Awesome Soft Tuna","Iste placeat possimus.","1991","TV-Y","121","Romance, Thriller, Horror","IND",""
"76","Recycled Frozen Chicken","Accusantium veritatis quibusdam consectetur id odit repellendus molestias.","2008","MA15+","101","Romance, Western, Fantasy","USA","2"
"77","Ergonomic Fresh Mouse","Ducimus dolorum veritatis tempore ratione.","1937","6","128","Mystery, Horror, Western","GBR","3"
"78","Modern Plastic Shirt","Adipisci veniam suscipit necessitatibus accusantium maxime pariatur corporis.","2017","18R","123","Mystery, Western, Thriller","GBR","8"
"79","Generic Rubber Soap","Aliquid assumenda suscipit delectus laborum libero dolore ad omnis exercitationem.","1976","9","135","Drama, Fantasy, Mystery","JPN",""
"80","Electronic Soft Ball","Earum soluta illo doloremque placeat facilis.","1955","TV-Y","120","Fantasy, Romance, Action","FRA","5"
"81","Recycled Steel Chicken","Ipsum dolor quidem expedita libero enim.","1957","U","171","Action, Comedy, Fantasy","GBR",""
"82","Modern Granite Salad","Reprehenderit modi sequi alias ratione voluptatibus qui.","1978","TV-14","146","Horror, Western, Drama","FRA","8"
"83","Oriental Frozen Car","Perspiciatis facilis nam ea minus facere ullam.","2002","AL","133","Mystery, Thriller, Drama","JPN","1"
"84","Ergonomic Plastic Bike","Consequuntur quod reiciendis ad assumenda.","1907","18R","165","Romance, Fantasy, Thriller","GBR",""
"85","Ergonomic Wooden Bike","Error vel amet non impedit quas facere vitae.","1904","R","135","Western, Horror, Romance","GBR","6"
"86","Rustic Cotton Car","Quibusdam tempora doloremque dolorem tenetur.","1972","TV-14","117","Western, Romance, Fantasy","AUS","8"
"87","Awesome Bronze Hat","Quam necessitatibus odit nemo.","1927","T","153","Thriller, Action, Fantasy","IND",""
"88","Licensed Bronze Soap","Esse voluptatem provident.","1918","TV-Y","174","Mystery, Drama, Horror","AUS","10"
"89","Oriental Steel Cheese","Sapiente eos odio adipisci quaerat.","1954","A","161","Action, Mystery, Western","AUS","3"
"90","Incredible Fresh Tuna","Reiciendis tenetur vero quo dolores autem sequi ab voluptatibus consequatur.","1912","R21","145","Fantasy, Horror, Comedy","AUS","2"
"91","Licensed Cotton Tuna","Ratione iste vel neque error quia.","1997","12A","101","Thriller, Fantasy, Comedy","FRA",""
"92","Generic Plastic Car","Laudantium ut ducimus sapiente impedit porro ipsa voluptas perferendis.","2016","TV-Y","101","Drama, Action, Fantasy","GBR",""
"93","Generic Cotton Fish","Eligendi quia a laborum accusamus nam.","2004","18","134","Horror, Action, Fantasy","GBR",""
"94","Awesome Plastic Salad","Modi mollitia recusandae odio sint ad a impedit vero.","1902","R18","139","Fantasy, Romance, Western","GBR",""
"95","Incredible Rubber Computer","Exercitationem reprehenderit provident repellendus quae.","1946","TV-Y7","82","Comedy, Horror, Fantasy","AUS","7"
"96","Licensed Rubber Shoes","Ad nobis ipsa voluptates et.","1909","C","107","Fantasy, Horror, Western","USA",""
"97","Refined Cotton Chair","Doloremque eaque nesciunt.","2000","M/PG","122","Horror, Action, Comedy","AUS","8"
"98","Awesome Fresh Chair","Ea perspiciatis asperiores quae ullam.","1970","GP","155","Mystery, Comedy, Horror","IND","4"
"99","Recycled Frozen Mouse","Sapiente exercitationem aliquid.","1967","AL","82","Action, Comedy, Romance","IND","3"
"100","Luxurious Rubber Chips","At sed blanditiis excepturi maiores fuga dicta.","1918","MA15+","120","Romance, Fantasy, Thriller","USA","11"